Link,Incorrect Usage(s),Count
https://directory.wm.edu/people/,"College of William and Mary, The College of William and Mary, College of William & Mary",6
https://social.wm.edu/,"The College of William & Mary, College of William & Mary",0
https://directory.wm.edu/people,"College of William and Mary, The College of William and Mary, College of William & Mary",6
https://banweb.wm.edu/pls/PROD/twbkwbis.P_WWWLogin,"The College of William & Mary, College of William & Mary",0
https://blackboard.wm.edu/,College of William and Mary,0
http://catalog.wm.edu/,"College of William and Mary, College of William & Mary",0
http://wmpeople.wm.edu/site/page/alphaphiomega/campusescort,"College of William and Mary, The College of William and Mary",2
http://wmpeople.wm.edu/site/page/alphaphiomega/aboutapo,"College of William and Mary, The College of William and Mary",4
https://education.wm.edu/centers/hope/,"College of William and Mary, The College of William and Mary",2
http://social.wm.edu/,"The College of William & Mary, College of William & Mary",0
http://directory.wm.edu/people/?utm_campaign=peopledirectory&utm_medium=directory&utm_source=wmapp,"College of William and Mary, The College of William and Mary, College of William & Mary",6
https://education.wm.edu/admissions/undergraduate/secondmajor/,"College of William and Mary, The College of William and Mary",2
https://lists.wm.edu/wws/subscribe/apoalumni,College of William & Mary,0
https://education.wm.edu/centers/sli/surn/index.php,"College of William and Mary, The College of William and Mary",2
http://publish.wm.edu/honorstheses/550/,"College of William and Mary, The College of William and Mary",10
https://education.wm.edu/academics/policies/index.php,"College of William and Mary, The College of William and Mary",2
http://blogs.wm.edu/,College of William and Mary,0
https://education.wm.edu/centers/sli/contact/index.php,College of William and Mary,0
https://education.wm.edu/contactus,College of William and Mary,0
https://brand.wm.edu/index.php/editorial/,"College of William and Mary, The College of William and Mary",4
https://banweb.wm.edu/pls/PROD/bwckschd.p_disp_dyn_sched,"The College of William & Mary, College of William & Mary",0
http://wmpeople.wm.edu/site/page/chisigmaiota,College of William & Mary,0
https://dining.wm.edu/shop,College of William and Mary,0
http://directory.wm.edu/people/,"College of William and Mary, The College of William and Mary, College of William & Mary",6
http://brand.wm.edu/index.php/editorial/,"College of William and Mary, The College of William and Mary",4
http://scholarship.law.wm.edu/facpubs/1884/,College of William & Mary,0
http://lawlibrary.wm.edu/includes/bounce.php?p=http%3A%2F%2Fwww.heinonline.org%2FHOL%2FWelcome&x=1,College of William and Mary,0
http://scholarship.law.wm.edu/facpubs/1879/,College of William & Mary,0
http://scholarship.law.wm.edu/facpubs/1877/,College of William & Mary,0
http://scholarship.law.wm.edu/facpubs/1876/,College of William & Mary,0
https://scholarship.law.wm.edu/,College of William & Mary,0
https://scholarship.law.wm.edu/do/search/advanced/,College of William & Mary,0
https://scholarship.law.wm.edu/communities.html,College of William & Mary,0
https://scholarship.law.wm.edu/about.html,College of William & Mary,0
https://scholarship.law.wm.edu/facpubs/1884/,College of William & Mary,0
https://scholarship.law.wm.edu/faq.html,College of William & Mary,0
https://scholarship.law.wm.edu/faculty,College of William & Mary,0
https://scholarship.law.wm.edu/facpubs,"The College of William & Mary, College of William & Mary",0
https://scholarship.law.wm.edu/facpubs/1884,College of William & Mary,0
https://scholarship.law.wm.edu/cgi/viewcontent.cgi?article=2923&context=facpubs,College of William & Mary,0
https://law2.wm.edu/faculty/bios/fulltime/eaandrews.php,"College of William and Mary, The College of William and Mary, College of William & Mary",3
https://scholarship.law.wm.edu/do/search/?context=1352783&q=author_lname%3A%22Larsen%22+author_fname%3A%22Allison%22&start=0,College of William & Mary,0
https://scholarship.law.wm.edu/do/search/advanced/?fq=virtual_ancestor_link%3A%22https%3A%2F%2Fscholarship.law.wm.edu%2Ffacpubs%22,College of William & Mary,0
https://scholarship.law.wm.edu/facpubs/announcements.html,College of William & Mary,0
https://scholarship.law.wm.edu/disciplines.html,College of William & Mary,0
https://scholarship.law.wm.edu/do/discipline_browser/disciplines,College of William & Mary,0
https://scholarship.law.wm.edu/authors.html,"The College of William & Mary, College of William and Mary, College of William & Mary",0
https://scholarship.law.wm.edu/wm_authors.html,College of William & Mary,0
https://scholarship.law.wm.edu/accessibility.html,College of William & Mary,0
https://law2.wm.edu/faculty/bios/fulltime/llbutl.php,"The College of William & Mary, College of William & Mary",0
http://scholarship.law.wm.edu/lists/,College of William & Mary,0
http://law.wm.edu/library/collections/scholarship/index.php,College of William & Mary,0
http://scholarship.law.wm.edu/wmlr/vol38/iss3/2/,College of William & Mary,0
http://scholarship.law.wm.edu/facpubs/13/,College of William & Mary,0
https://law2.wm.edu/faculty/bios/fulltime/ejcriddle.php,"College of William and Mary, The College of William and Mary",2
http://scholarship.law.wm.edu/facpubs/1777/,College of William & Mary,0
http://scholarship.law.wm.edu/facpubs/140/,College of William & Mary,0
http://lawlibrary.wm.edu/wythepedia/index.php/Main_Page,"College of William and Mary, The College of William and Mary",2
http://scholarship.law.wm.edu/wmlr/vol31/iss4/3/,College of William & Mary,0
http://scholarship.law.wm.edu/facpubs/139/,College of William & Mary,0
http://scholarship.law.wm.edu/facpubs/138/,College of William & Mary,0
http://scholarship.law.wm.edu/wmlr/vol23/iss4/8/,College of William & Mary,0
https://law2.wm.edu/faculty/bios/fulltime/amgershowitz.php,"The College of William & Mary, College of William & Mary",0
https://law2.wm.edu/faculty/bios/fulltime/tlgrove.php,"College of William and Mary, The College of William and Mary",4
http://scholarship.law.wm.edu/cgi/viewcontent.cgi?article=1007&context=briefs,College of William & Mary,0
http://scholarship.law.wm.edu/cgi/viewcontent.cgi?article=1008&context=briefs,College of William & Mary,0
http://scholarship.law.wm.edu/cgi/viewcontent.cgi?article=1011&context=briefs,College of William & Mary,0
https://law2.wm.edu/faculty/bios/fulltime/jshell.php,"The College of William & Mary, College of William and Mary, The College of William and Mary, College of William & Mary",4
http://scholarship.law.wm.edu/cgi/viewcontent.cgi?article=1010&context=briefs,College of William & Mary,0
http://scholarship.law.wm.edu/cgi/viewcontent.cgi?article=1009&context=briefs,College of William & Mary,0
http://msgre2.people.wm.edu/,"College of William and Mary, The College of William and Mary",2
http://scholarship.law.wm.edu/facpubs/1366/,College of William & Mary,0
http://scholarship.law.wm.edu/facpubs/1082/,College of William & Mary,0
http://scholarship.law.wm.edu/cgi/viewcontent.cgi?article=2758&context=facpubs,College of William & Mary,0
http://scholarship.law.wm.edu/facpubs/1083/,College of William & Mary,0
http://scholarship.law.wm.edu/facpubs/176/,College of William & Mary,0
http://scholarship.law.wm.edu/facpubs/367/,College of William & Mary,0
https://law2.wm.edu/faculty/bios/fulltime/amlarsen.php,College of William and Mary,0
https://law2.wm.edu/faculty/bios/fulltime/lamalo.php,"College of William and Mary, The College of William and Mary",2
http://lawlibrary.wm.edu/wythepedia/index.php/George_Wythe,"College of William and Mary, The College of William and Mary",2
https://law2.wm.edu/faculty/bios/fulltime/tjmcsweeney.php,"The College of William & Mary, College of William and Mary, The College of William and Mary, College of William & Mary",4
https://law2.wm.edu/faculty/bios/fulltime/ajmees.php,"College of William and Mary, The College of William and Mary",2
http://lawlibrary.wm.edu/wythepedia/index.php/St._George_Tucker,College of William and Mary,0
http://scholarship.law.wm.edu/wm_authors.html,College of William & Mary,0
http://scholarship.law.wm.edu/deans/,College of William & Mary,0
http://lawlibrary.wm.edu/wythepedia/index.php/Wythe_the_Teacher,"College of William and Mary, The College of William and Mary",2
http://lawlibrary.wm.edu/wythepedia/index.php/Littleton_Waller_Tazewell,College of William and Mary,0
http://lawlibrary.wm.edu/wythepedia/index.php/Bolling_v._Bolling,"College of William and Mary, The College of William and Mary",2
http://lawlibrary.wm.edu/wythepedia/index.php/John_Brown,College of William and Mary,0
http://lawlibrary.wm.edu/wythepedia/index.php/Reports_of_Sir_Edward_Coke,"College of William and Mary, The College of William and Mary",2
https://digitalarchive.wm.edu/handle/10288/22225,College of William and Mary,0
http://lawlibrary.wm.edu/wythepedia/index.php/Professor_of_Law_and_Police,"College of William and Mary, The College of William and Mary",2
http://lawlibrary.wm.edu/wythepedia/index.php/Letters_and_Papers,College of William and Mary,0
http://scholarship.law.wm.edu/history/,"The College of William & Mary, College of William and Mary, The College of William and Mary, College of William & Mary",20
http://lawlibrary.wm.edu/wythepedia/index.php/Thomas_Lee_Shippen,College of William and Mary,0
http://scholarship.law.wm.edu/sgtucker/,College of William & Mary,0
http://lawlibrary.wm.edu/wythepedia/index.php/Account_and_History_of_the_Tazewell_Family,College of William and Mary,0
https://digitalarchive.wm.edu/handle/10288/13361,College of William and Mary,0
http://lawlibrary.wm.edu/wythepedia/index.php/George_Wythe_Bibliography,"College of William and Mary, The College of William and Mary",2
http://lawlibrary.wm.edu/wythepedia/index.php/Discourse_on_the_Life_and_Character_of_the_Hon._Littleton_Waller_Tazewell,"College of William and Mary, The College of William and Mary",2
http://lawlibrary.wm.edu/wythepedia/index.php?oldid=49134&title=John_Brown,College of William and Mary,0
http://lawlibrary.wm.edu/wythepedia/index.php?oldid=69642&title=St._George_Tucker,College of William and Mary,0
http://lawlibrary.wm.edu/wythepedia/index.php/Hudgins_v._Wrights,College of William and Mary,0
https://digitalarchive.wm.edu/handle/10288/20837,College of William and Mary,0
http://lawlibrary.wm.edu/wythepedia/index.php?oldid=63554&title=Bolling_v._Bolling,"College of William and Mary, The College of William and Mary",2
http://lawlibrary.wm.edu/wythepedia/index.php/George_Wythe_and_Slavery,"College of William and Mary, The College of William and Mary",2
http://lawlibrary.wm.edu/wythepedia/index.php?oldid=56072&title=Littleton_Waller_Tazewell,College of William and Mary,0
http://lawlibrary.wm.edu/wythepedia/index.php?action=edit&title=John_Brown,College of William and Mary,0
http://scholarship.law.wm.edu/libpubs/82/,"College of William and Mary, The College of William and Mary, College of William & Mary",18
http://lawlibrary.wm.edu/wythepedia/index.php?action=edit&title=St._George_Tucker,College of William and Mary,0
http://lawlibrary.wm.edu/wythepedia/index.php?oldid=70408&title=Main_Page,"College of William and Mary, The College of William and Mary",2
http://lawlibrary.wm.edu/wythepedia/index.php?action=edit&title=Littleton_Waller_Tazewell,College of William and Mary,0
http://lawlibrary.wm.edu/wythepedia/index.php?action=edit&title=Bolling_v._Bolling,"College of William and Mary, The College of William and Mary",2
http://lawlibrary.wm.edu/wythepedia/index.php/Examinations_of_George_Wythe_Swinney_for_Forgery_and_Murder,"College of William and Mary, The College of William and Mary",2
https://digitalarchive.wm.edu/handle/10288/16635,College of William and Mary,0
http://lawlibrary.wm.edu/wythepedia/index.php?oldid=68997&title=Hudgins_v._Wrights,College of William and Mary,0
http://lawlibrary.wm.edu/wythepedia/index.php/William_Branch_Giles,"College of William and Mary, The College of William and Mary",2
http://lawlibrary.wm.edu/wythepedia/index.php/Travels_in_North-America,"College of William and Mary, The College of William and Mary",2
http://lawlibrary.wm.edu/wythepedia/index.php?action=edit&title=Main_Page,"College of William and Mary, The College of William and Mary",2
http://lawlibrary.wm.edu/wythepedia/index.php/Murder_of_George_Wythe,"College of William and Mary, The College of William and Mary",6
http://lawlibrary.wm.edu/wythepedia/index.php?action=edit&title=Hudgins_v._Wrights,College of William and Mary,0
http://lawlibrary.wm.edu/wythepedia/index.php/Special:WhatLinksHere/Littleton_Waller_Tazewell,"College of William and Mary, The College of William and Mary",4
http://lawlibrary.wm.edu/wythepedia/index.php/Special:WhatLinksHere/St._George_Tucker,"College of William and Mary, The College of William and Mary",4
http://lawlibrary.wm.edu/wythepedia/index.php/Teaching_of_George_Wythe,"College of William and Mary, The College of William and Mary",14
http://lawlibrary.wm.edu/wythepedia/index.php?diff=prev&oldid=70408&title=Main_Page,"College of William and Mary, The College of William and Mary",2
http://lawlibrary.wm.edu/wythepedia/index.php?printable=yes&title=John_Brown,College of William and Mary,0
http://lawlibrary.wm.edu/wythepedia/index.php?direction=prev&oldid=70408&title=Main_Page,"College of William and Mary, The College of William and Mary",2
"http://lawlibrary.wm.edu/wythepedia/index.php/Honourable_George_Wythe:_Teacher,_Lawyer,_Jurist,_Statesman","College of William and Mary, The College of William and Mary",2
http://lawlibrary.wm.edu/wythepedia/index.php?oldid=67169&title=William_Branch_Giles,"College of William and Mary, The College of William and Mary",2
http://lawlibrary.wm.edu/wythepedia/index.php?printable=yes&title=Littleton_Waller_Tazewell,College of William and Mary,0
http://lawlibrary.wm.edu/wythepedia/index.php?printable=yes&title=Bolling_v._Bolling,"College of William and Mary, The College of William and Mary",2
http://lawlibrary.wm.edu/wythepedia/index.php?printable=yes&title=St._George_Tucker,College of William and Mary,0
http://lawlibrary.wm.edu/wythepedia/index.php?oldid=70300&title=George_Wythe,"College of William and Mary, The College of William and Mary",2
"http://lawlibrary.wm.edu/wythepedia/index.php/Special:WhatLinksHere/James_Madison,_Bishop","College of William and Mary, The College of William and Mary",4
http://lawlibrary.wm.edu/wythepedia/index.php/Richard_Randolph,College of William and Mary,0
http://lawlibrary.wm.edu/wythepedia/index.php?printable=yes&title=Hudgins_v._Wrights,College of William and Mary,0
http://lawlibrary.wm.edu/wythepedia/index.php?printable=yes&title=Main_Page,"College of William and Mary, The College of William and Mary",2
http://scholarship.law.wm.edu/facpubs/1374/,"College of William and Mary, The College of William and Mary, College of William & Mary",18
http://lawlibrary.wm.edu/wythepedia/index.php?action=edit&title=William_Branch_Giles,"College of William and Mary, The College of William and Mary",2
http://lawlibrary.wm.edu/wythepedia/index.php?oldid=7912&title=Honourable_George_Wythe%3A_Teacher%2C_Lawyer%2C_Jurist%2C_Statesman,"College of William and Mary, The College of William and Mary",2
http://lawlibrary.wm.edu/wythepedia/index.php?action=edit&title=George_Wythe,"College of William and Mary, The College of William and Mary",2
http://lawlibrary.wm.edu/wythepedia/index.php?diff=prev&oldid=70300&title=George_Wythe,"College of William and Mary, The College of William and Mary",6
http://lawlibrary.wm.edu/wythepedia/index.php?action=edit&title=Honourable_George_Wythe%3A_Teacher%2C_Lawyer%2C_Jurist%2C_Statesman,"College of William and Mary, The College of William and Mary",2
http://lawlibrary.wm.edu/wythepedia/index.php?direction=prev&oldid=70300&title=George_Wythe,"College of William and Mary, The College of William and Mary",2
http://lawlibrary.wm.edu/wythepedia/index.php/Samuel_Hardy,"College of William and Mary, The College of William and Mary",2
http://lawlibrary.wm.edu/wythepedia/index.php?diff=70408&oldid=69713&title=Main_Page,"College of William and Mary, The College of William and Mary",2
http://lawlibrary.wm.edu/wythepedia/index.php?printable=yes&title=William_Branch_Giles,"College of William and Mary, The College of William and Mary",2
http://lawlibrary.wm.edu/wythepedia/index.php?diff=69713&oldid=69372&title=Main_Page,"College of William and Mary, The College of William and Mary",2
http://lawlibrary.wm.edu/wythepedia/index.php/Kemp_Plummer,"College of William and Mary, The College of William and Mary",2
http://lawlibrary.wm.edu/wythepedia/index.php?printable=yes&title=Honourable_George_Wythe%3A_Teacher%2C_Lawyer%2C_Jurist%2C_Statesman,"College of William and Mary, The College of William and Mary",2
http://lawlibrary.wm.edu/wythepedia/index.php?oldid=69713&title=Main_Page,"College of William and Mary, The College of William and Mary",2
http://lawlibrary.wm.edu/wythepedia/index.php?oldid=70408&printable=yes&title=Main_Page,"College of William and Mary, The College of William and Mary",2
http://lawlibrary.wm.edu/wythepedia/index.php?printable=yes&title=George_Wythe,"College of William and Mary, The College of William and Mary",2
http://lawlibrary.wm.edu/wythepedia/index.php/Teacher_of_Jefferson_and_Marshall,"College of William and Mary, The College of William and Mary",2
http://lawlibrary.wm.edu/wythepedia/index.php/Great_American_Lawyers,"College of William and Mary, The College of William and Mary",12
http://lawlibrary.wm.edu/wythepedia/index.php?diff=70408&oldid=69372&title=Main_Page,"College of William and Mary, The College of William and Mary",2
http://lawlibrary.wm.edu/wythepedia/index.php?oldid=70298&title=George_Wythe_and_Slavery,"College of William and Mary, The College of William and Mary",2
http://lawlibrary.wm.edu/wythepedia/index.php?diff=69372&oldid=65830&title=Main_Page,"College of William and Mary, The College of William and Mary",2
http://lawlibrary.wm.edu/wythepedia/index.php?oldid=69372&title=Main_Page,"College of William and Mary, The College of William and Mary",2
http://lawlibrary.wm.edu/wythepedia/index.php?oldid=70300&printable=yes&title=George_Wythe,"College of William and Mary, The College of William and Mary",2
http://lawlibrary.wm.edu/wythepedia/index.php?diff=70408&oldid=65830&title=Main_Page,"College of William and Mary, The College of William and Mary",2
http://lawlibrary.wm.edu/wythepedia/index.php?oldid=69313&title=Teaching_of_George_Wythe,"College of William and Mary, The College of William and Mary",14
http://lawlibrary.wm.edu/wythepedia/index.php?diff=65830&oldid=65820&title=Main_Page,"College of William and Mary, The College of William and Mary",2
http://lawlibrary.wm.edu/wythepedia/index.php?action=edit&title=George_Wythe_and_Slavery,"College of William and Mary, The College of William and Mary",2
http://lawlibrary.wm.edu/wythepedia/index.php?oldid=65830&title=Main_Page,"College of William and Mary, The College of William and Mary",2
http://lawlibrary.wm.edu/wythepedia/index.php?diff=70408&oldid=65820&title=Main_Page,"College of William and Mary, The College of William and Mary",2
http://lawlibrary.wm.edu/wythepedia/index.php?diff=70300&oldid=67101&title=George_Wythe,"College of William and Mary, The College of William and Mary",6
http://lawlibrary.wm.edu/wythepedia/index.php?action=edit&title=Teaching_of_George_Wythe,"College of William and Mary, The College of William and Mary",14
http://lawlibrary.wm.edu/wythepedia/index.php?diff=65820&oldid=64744&title=Main_Page,"College of William and Mary, The College of William and Mary",2
http://lawlibrary.wm.edu/wythepedia/index.php?oldid=65820&title=Main_Page,"College of William and Mary, The College of William and Mary",2
http://lawlibrary.wm.edu/wythepedia/index.php?diff=70408&oldid=64744&title=Main_Page,"College of William and Mary, The College of William and Mary",2
http://lawlibrary.wm.edu/wythepedia/index.php?diff=67101&oldid=67100&title=George_Wythe,"College of William and Mary, The College of William and Mary",2
http://lawlibrary.wm.edu/wythepedia/index.php?diff=64744&oldid=64640&title=Main_Page,"College of William and Mary, The College of William and Mary",2
http://lawlibrary.wm.edu/wythepedia/index.php?printable=yes&title=George_Wythe_and_Slavery,"College of William and Mary, The College of William and Mary",2
